{
    "name": "root",
    "gauges": {
        "KartAgent.Policy.Entropy.mean": {
            "value": 4.24226713180542,
            "min": 1.4060337543487549,
            "max": 4.586791038513184,
            "count": 1269
        },
        "KartAgent.Policy.Entropy.sum": {
            "value": 43372.94140625,
            "min": 13835.3720703125,
            "max": 47008.328125,
            "count": 1269
        },
        "KartAgent.Step.mean": {
            "value": 12689959.0,
            "min": 9984.0,
            "max": 12689959.0,
            "count": 1269
        },
        "KartAgent.Step.sum": {
            "value": 12689959.0,
            "min": 9984.0,
            "max": 12689959.0,
            "count": 1269
        },
        "KartAgent.Policy.ExtrinsicValueEstimate.mean": {
            "value": 0.25549134612083435,
            "min": -0.3152812123298645,
            "max": 0.26597532629966736,
            "count": 1269
        },
        "KartAgent.Policy.ExtrinsicValueEstimate.sum": {
            "value": 44.20000457763672,
            "min": -52.021400451660156,
            "max": 46.01373291015625,
            "count": 1269
        },
        "KartAgent.Losses.PolicyLoss.mean": {
            "value": 0.21369814246815316,
            "min": 0.18505669508047182,
            "max": 0.4662371437928717,
            "count": 1269
        },
        "KartAgent.Losses.PolicyLoss.sum": {
            "value": 1.0684907123407659,
            "min": 0.9252834754023591,
            "max": 2.3311857189643583,
            "count": 1269
        },
        "KartAgent.Losses.ValueLoss.mean": {
            "value": 0.0004302513653935117,
            "min": 0.00028332602396403673,
            "max": 0.019513507808310963,
            "count": 1269
        },
        "KartAgent.Losses.ValueLoss.sum": {
            "value": 0.0021512568269675585,
            "min": 0.0014166301198201836,
            "max": 0.07805403123324385,
            "count": 1269
        },
        "KartAgent.Policy.LearningRate.mean": {
            "value": 0.0002238861721712844,
            "min": 0.0002238861721712844,
            "max": 0.00029996313601228795,
            "count": 1269
        },
        "KartAgent.Policy.LearningRate.sum": {
            "value": 0.001119430860856422,
            "min": 0.0008998894080368639,
            "max": 0.0017674200168599976,
            "count": 1269
        },
        "KartAgent.Policy.Epsilon.mean": {
            "value": 0.17462871559999998,
            "min": 0.17462871559999998,
            "max": 0.199987712,
            "count": 1269
        },
        "KartAgent.Policy.Epsilon.sum": {
            "value": 0.873143578,
            "min": 0.5999631360000001,
            "max": 1.189140002,
            "count": 1269
        },
        "KartAgent.Policy.Beta.mean": {
            "value": 0.00373397290844,
            "min": 0.00373397290844,
            "max": 0.0049993868288,
            "count": 1269
        },
        "KartAgent.Policy.Beta.sum": {
            "value": 0.0186698645422,
            "min": 0.0149981604864,
            "max": 0.029458086099800003,
            "count": 1269
        },
        "KartAgent.IsTraining.mean": {
            "value": 1.0,
            "min": 1.0,
            "max": 1.0,
            "count": 1269
        },
        "KartAgent.IsTraining.sum": {
            "value": 1.0,
            "min": 1.0,
            "max": 1.0,
            "count": 1269
        },
        "KartAgent.Environment.EpisodeLength.mean": {
            "value": 251.47619047619048,
            "min": 241.05405405405406,
            "max": 2069.0,
            "count": 1268
        },
        "KartAgent.Environment.EpisodeLength.sum": {
            "value": 10562.0,
            "min": 1791.0,
            "max": 21246.0,
            "count": 1268
        },
        "KartAgent.Environment.CumulativeReward.mean": {
            "value": 0.6855277787184432,
            "min": -2.673166800290346,
            "max": 0.7381190495964672,
            "count": 1268
        },
        "KartAgent.Environment.CumulativeReward.sum": {
            "value": 28.792166706174612,
            "min": -40.287667385302484,
            "max": 31.43116683885455,
            "count": 1268
        },
        "KartAgent.Policy.ExtrinsicReward.mean": {
            "value": 0.6855277787184432,
            "min": -2.673166800290346,
            "max": 0.7381190495964672,
            "count": 1268
        },
        "KartAgent.Policy.ExtrinsicReward.sum": {
            "value": 28.792166706174612,
            "min": -40.287667385302484,
            "max": 31.43116683885455,
            "count": 1268
        }
    },
    "metadata": {
        "timer_format_version": "0.1.0",
        "start_time_seconds": "1652376260",
        "python_version": "3.8.10 (tags/v3.8.10:3d8993a, May  3 2021, 11:48:03) [MSC v.1928 64 bit (AMD64)]",
        "command_line_arguments": "D:\\SEMESTER 6\\AKADEMIK\\GAME CERDAS\\TUGAS\\PROJEK FP\\AI-Racing-Karts-main\\venv\\Scripts\\mlagents-learn config_train.yaml --run-id=tes1 --force",
        "mlagents_version": "0.29.0",
        "mlagents_envs_version": "0.29.0",
        "communication_protocol_version": "1.5.0",
        "pytorch_version": "1.11.0+cpu",
        "numpy_version": "1.21.2",
        "end_time_seconds": "1652409195"
    },
    "total": 32935.3378787,
    "count": 1,
    "self": 0.01142289999552304,
    "children": {
        "run_training.setup": {
            "total": 0.2059936,
            "count": 1,
            "self": 0.2059936
        },
        "TrainerController.start_learning": {
            "total": 32935.1204622,
            "count": 1,
            "self": 20.19907150277868,
            "children": {
                "TrainerController._reset_env": {
                    "total": 6.917767900000001,
                    "count": 1,
                    "self": 6.917767900000001
                },
                "TrainerController.advance": {
                    "total": 32907.74970199723,
                    "count": 543737,
                    "self": 22.584265096920717,
                    "children": {
                        "env_step": {
                            "total": 12586.978610300284,
                            "count": 543737,
                            "self": 11534.163255402,
                            "children": {
                                "SubprocessEnvManager._take_step": {
                                    "total": 1041.4784494986247,
                                    "count": 543737,
                                    "self": 94.78327749834557,
                                    "children": {
                                        "TorchPolicy.evaluate": {
                                            "total": 946.6951720002792,
                                            "count": 528995,
                                            "self": 173.38665119957216,
                                            "children": {
                                                "TorchPolicy.sample_actions": {
                                                    "total": 773.308520800707,
                                                    "count": 528995,
                                                    "self": 773.308520800707
                                                }
                                            }
                                        }
                                    }
                                },
                                "workers": {
                                    "total": 11.336905399659875,
                                    "count": 543737,
                                    "self": 0.0,
                                    "children": {
                                        "worker_root": {
                                            "total": 32892.73099830052,
                                            "count": 543737,