{"count":1,"self":3020.1458688,"total":13264.391792299999,"children":{"InitializeActuators":{"count":12,"self":0.0029952,"total":0.0029952,"children":null},"InitializeSensors":{"count":12,"self":0.0039974,"total":0.0039974,"children":null},"AgentSendState":{"count":1660401,"self":312.38336,"total":407.607712,"children":{"CollectObservations":{"count":3984972,"self":11.5006928,"total":11.5006925,"children":null},"WriteActionMask":{"count":3984972,"self":1.8062144,"total":1.8062144,"children":null},"RequestDecision":{"count":3984972,"self":14.913475199999999,"total":81.9174505,"children":{"AgentInfo.ToProto":{"count":3984972,"self":10.090314399999999,"total":67.0039747,"children":{"GenerateSensorData":{"count":3984972,"self":48.3376544,"total":56.913660099999994,"children":{"RayPerceptionSensor.Perceive":{"count":7969944,"self":8.5760056,"total":8.576005799999999,"children":null}}}}}}}}},"DecideAction":{"count":1660401,"self":9808.0776192,"total":9808.0775017,"children":null},"AgentAct":{"count":1660401,"self":28.1475488,"total":28.147548399999998,"children":null},"AgentInfo.ToProto":{"count":9662,"self":0.1020972,"total":0.40526389999999995,"children":{"GenerateSensorData":{"count":9662,"self":0.24309589999999998,"total":0.3031667,"children":{"RayPerceptionSensor.Perceive":{"count":19324,"self":0.0600708,"total":0.0600708,"children":null}}}}}},"gauges":{"KartAgent.CumulativeReward":{"count":9662,"max":1.76361144,"min":-3.35268927,"runningAverage":1.147563,"value":1.75261128,"weightedAverage":1.70854461}},"metadata":{"timer_format_version":"0.1.0","start_time_seconds":"1653635286","unity_version":"2021.3.2f1","command_line_arguments":"D:\\Unity\\2021.3.2f1\\Editor\\Unity.exe -projectpath D:\\SEMESTER 6\\AKADEMIK\\GAME CERDAS\\TUGAS\\PROJEK FP\\AI-Racing-Karts-main -useHub -hubIPC -cloudEnvironment production -licensingIpc LicenseClient-Asus -hubSessionId ab75c190-dd0c-11ec-b51d-f948364bb8d0 -accessToken d95WQaA2nAxyqGgrnkWak3rHAEYEOestCndabDJ5y9w011f","communication_protocol_version":"1.5.0","com.unity.ml-agents_version":"2.0.0","scene_name":"NewTrack","end_time_seconds":"1653648551"}}