{"count":1,"self":37.507984,"total":299.9364321,"children":{"InitializeActuators":{"count":24,"self":0.0019908,"total":0.0019908,"children":null},"InitializeSensors":{"count":24,"self":0.0030066999999999997,"total":0.0030066999999999997,"children":null},"AgentSendState":{"count":25634,"self":6.0212432,"total":8.7171133999999988,"children":{"CollectObservations":{"count":123048,"self":0.3014305,"total":0.3014305,"children":null},"WriteActionMask":{"count":123048,"self":0.066458599999999993,"total":0.066458599999999993,"children":null},"RequestDecision":{"count":123048,"self":0.4359886,"total":2.3279810999999997,"children":{"AgentInfo.ToProto":{"count":123048,"self":0.2679033,"total":1.8919925,"children":{"GenerateSensorData":{"count":123048,"self":1.3771217,"total":1.6240892,"children":{"RayPerceptionSensor.Perceive":{"count":246096,"self":0.24696749999999998,"total":0.24696749999999998,"children":null}}}}}}}}},"DecideAction":{"count":25634,"self":252.9915136,"total":252.9915151,"children":null},"AgentAct":{"count":25634,"self":0.70981759999999994,"total":0.70981759999999994,"children":null},"AgentInfo.ToProto":{"count":147,"self":0.0020039999999999997,"total":0.0040070999999999996,"children":{"GenerateSensorData":{"count":147,"self":0.0010004,"total":0.0020031,"children":{"RayPerceptionSensor.Perceive":{"count":294,"self":0.0010027,"total":0.0010027,"children":null}}}}}},"gauges":{"KartAgent.CumulativeReward":{"count":147,"max":-1.45316446,"min":-3.17969251,"runningAverage":-1.70302045,"value":-2.474846,"weightedAverage":-1.94191861}},"metadata":{"timer_format_version":"0.1.0","start_time_seconds":"1653595367","unity_version":"2021.3.2f1","command_line_arguments":"D:\\Unity\\2021.3.2f1\\Editor\\Unity.exe -projectpath D:\\SEMESTER 6\\AKADEMIK\\GAME CERDAS\\TUGAS\\PROJEK FP\\AI-Racing-Karts-main -useHub -hubIPC -cloudEnvironment production -licensingIpc LicenseClient-Asus -hubSessionId ab75c190-dd0c-11ec-b51d-f948364bb8d0 -accessToken d95WQaA2nAxyqGgrnkWak3rHAEYEOestCndabDJ5y9w011f","communication_protocol_version":"1.5.0","com.unity.ml-agents_version":"2.0.0","scene_name":"Track1","end_time_seconds":"1653595667"}}